<?xml version='1.0' encoding='UTF-8' ?>
<timeLogEntries>
  <time id="1" path="/Gmaps/PSP0/Code" start="@1613865798882" delta="30" />
  <time id="2" path="/Gmaps/PSP0/Planning" start="@1613867592786" delta="37" />
  <time id="3" path="/Gmaps/PSP0/Design" start="@1613869842402" delta="18" />
  <time id="4" path="/Gmaps/PSP0/Code" start="@1613922971656" delta="259" interrupt="53" />
  <time id="5" path="/Gmaps/PSP0/Code" start="@1613943891759" delta="15" />
  <time id="6" path="/Gmaps/PSP0/Code" start="@1613947214321" delta="15" />
  <time id="7" path="/Gmaps/PSP0/Compile" start="@1613948140806" delta="3" />
  <time id="8" path="/Gmaps/PSP0/Design" start="@1613948453709" delta="12" />
</timeLogEntries>
